{"cameraMode":{"drawMode":0,"name":"Shaded","section":"Shading Mode"},"sceneLighting":false,"audioPlay":false,"sceneViewState":{"m_AlwaysRefresh":false,"showFog":true,"showSkybox":false,"showFlares":true,"showImageEffects":true,"showParticleSystems":true,"showVisualEffectGraphs":true,"m_FxEnabled":true},"in2DMode":false,"pivot":{"x":-0.08151918649673462,"y":0.01011127233505249,"z":-0.08402359485626221},"rotation":{"x":-0.09485995024442673,"y":-0.7431926727294922,"z":0.10808612406253815,"w":-0.6534435153007507},"size":2.786884307861328,"orthographic":false}