{"cameraMode":{"drawMode":0,"name":"Shaded","section":"Shading Mode"},"sceneLighting":true,"audioPlay":false,"sceneViewState":{"m_AlwaysRefresh":false,"showFog":true,"showSkybox":true,"showFlares":true,"showImageEffects":true,"showParticleSystems":true,"showVisualEffectGraphs":true,"m_FxEnabled":true},"in2DMode":false,"pivot":{"x":291.0434875488281,"y":230.82073974609376,"z":-57.29443359375},"rotation":{"x":-0.06476611644029618,"y":0.005410026293247938,"z":-0.0002303616056451574,"w":-0.9979133605957031},"size":200.17889404296876,"orthographic":false}