{"cameraMode":{"drawMode":0,"name":"Shaded","section":"Shading Mode"},"sceneLighting":true,"audioPlay":false,"sceneViewState":{"m_AlwaysRefresh":false,"showFog":true,"showSkybox":true,"showFlares":true,"showImageEffects":true,"showParticleSystems":true,"showVisualEffectGraphs":true,"m_FxEnabled":true},"in2DMode":false,"pivot":{"x":-0.0009999871253967286,"y":-2.009740114212036,"z":0.19499999284744264},"rotation":{"x":-0.16524086892604829,"y":0.5912249088287354,"z":-0.12517404556274415,"w":-0.7794305682182312},"size":0.8636323809623718,"orthographic":false}