{"cameraMode":{"drawMode":0,"name":"Shaded","section":"Shading Mode"},"sceneLighting":false,"audioPlay":false,"sceneViewState":{"m_AlwaysRefresh":false,"showFog":true,"showSkybox":false,"showFlares":true,"showImageEffects":true,"showParticleSystems":true,"showVisualEffectGraphs":true,"m_FxEnabled":true},"in2DMode":false,"pivot":{"x":-7.273308753967285,"y":10.434673309326172,"z":0.12999999523162843},"rotation":{"x":0.012318857945501805,"y":0.9873183369636536,"z":0.10527405142784119,"w":-0.11822378635406494},"size":2.154470443725586,"orthographic":false}