{"cameraMode":{"drawMode":0,"name":"Shaded","section":"Shading Mode"},"sceneLighting":false,"audioPlay":false,"sceneViewState":{"m_AlwaysRefresh":false,"showFog":true,"showSkybox":false,"showFlares":true,"showImageEffects":true,"showParticleSystems":true,"showVisualEffectGraphs":true,"m_FxEnabled":true},"in2DMode":false,"pivot":{"x":-0.35234999656677248,"y":3.2274842262268068,"z":1.5475654602050782},"rotation":{"x":-0.1399306356906891,"y":0.6377105116844177,"z":-0.11911454051733017,"w":-0.7480565905570984},"size":0.14667008817195893,"orthographic":false}