{"cameraMode":{"drawMode":0,"name":"Shaded","section":"Shading Mode"},"sceneLighting":false,"audioPlay":false,"sceneViewState":{"m_AlwaysRefresh":false,"showFog":true,"showSkybox":false,"showFlares":true,"showImageEffects":true,"showParticleSystems":true,"showVisualEffectGraphs":true,"m_FxEnabled":true},"in2DMode":false,"pivot":{"x":0.14730149507522584,"y":0.11601865291595459,"z":-0.17120343446731568},"rotation":{"x":-0.2870319187641144,"y":-0.13785503804683686,"z":0.04191296547651291,"w":-0.9470137357711792},"size":1.0968797206878663,"orthographic":false}