{"cameraMode":{"drawMode":0,"name":"Shaded","section":"Shading Mode"},"sceneLighting":false,"audioPlay":false,"sceneViewState":{"m_AlwaysRefresh":false,"showFog":true,"showSkybox":false,"showFlares":true,"showImageEffects":true,"showParticleSystems":true,"showVisualEffectGraphs":true,"m_FxEnabled":true},"in2DMode":false,"pivot":{"x":0.018404006958007814,"y":-0.02197498083114624,"z":0.01732802391052246},"rotation":{"x":-0.022081416100263597,"y":-0.9681993722915649,"z":0.23111297190189362,"w":-0.09297209233045578},"size":1.1931015253067017,"orthographic":false}